<?xml version="1.0" encoding="UTF-8"?>
<beans xmlns="http://www.springframework.org/schema/beans"
  xmlns:xsi="http://www.w3.org/2001/XMLSchema-instance"
  xmlns:context="http://www.springframework.org/schema/context"
  xmlns:mvc="http://www.springframework.org/schema/mvc"
  xmlns:aop="http://www.springframework.org/schema/aop"
  xmlns:tx="http://www.springframework.org/schema/tx"
  xmlns:sws="http://www.springframework.org/schema/web-services"
  xsi:schemaLocation="
  		http://www.springframework.org/schema/beans
  		http://www.springframework.org/schema/beans/spring-beans.xsd
  		http://www.springframework.org/schema/web-services
  		http://www.springframework.org/schema/web-services/web-services.xsd
  		http://www.springframework.org/schema/context
  		http://www.springframework.org/schema/context/spring-context.xsd
  		http://www.springframework.org/schema/mvc
  		http://www.springframework.org/schema/mvc/spring-mvc.xsd
  		http://www.springframework.org/schema/aop
  		http://www.springframework.org/schema/aop/spring-aop.xsd
  		http://www.springframework.org/schema/tx
  		http://www.springframework.org/schema/tx/spring-tx.xsd
  		">

	<description>context</description>

	<!-- Properties -->
	<context:property-placeholder location="classpath:config/properties/config.properties" />

	<!-- Bean Scan -->
	<context:component-scan base-package="com.ljsnc.api">
        <context:exclude-filter type="regex" expression="com.ljsnc.api.mybatis" />
    </context:component-scan>

	<context:annotation-config />

	<!--
	<mvc:annotation-driven />
	 -->
    <tx:annotation-driven transaction-manager="mysqlTransactionManager"/>

	<!--
	<aop:aspectj-autoproxy />
	 -->

	<bean id="multipartResolver" class="org.springframework.web.multipart.support.StandardServletMultipartResolver">  </bean >

</beans>