<?xml version="1.0" encoding="UTF-8"?>
<beans xmlns="http://www.springframework.org/schema/beans"
    xmlns:xsi="http://www.w3.org/2001/XMLSchema-instance"
    xmlns:context="http://www.springframework.org/schema/context"
    xmlns:jaxws="http://cxf.apache.org/jaxws"
    xmlns:jaxrs="http://cxf.apache.org/jaxrs"
    xmlns:http-conf="http://cxf.apache.org/transports/http/configuration"
    xmlns:cxf="http://camel.apache.org/schema/cxf"
    xsi:schemaLocation="
        http://www.springframework.org/schema/beans http://www.springframework.org/schema/beans/spring-beans.xsd
        http://www.springframework.org/schema/context http://www.springframework.org/schema/context/spring-context.xsd
        http://cxf.apache.org/jaxws http://cxf.apache.org/schemas/jaxws.xsd
        http://cxf.apache.org/jaxrs http://cxf.apache.org/schemas/jaxrs.xsd
        http://cxf.apache.org/transports/http/configuration http://cxf.apache.org/schemas/configuration/http-conf.xsd
        http://camel.apache.org/schema/cxf http://camel.apache.org/schema/cxf/camel-cxf.xsd">

    <import resource="classpath:META-INF/cxf/cxf.xml" />
    <import resource="classpath:META-INF/cxf/cxf-servlet.xml" />
    <import resource="classpath:META-INF/cxf/cxf-extension-jaxws.xml" />

    <jaxrs:server id="jaxRsServer" address="/" staticSubresourceResolution="true">
     	<jaxrs:inInterceptors>
     		<bean class="com.ljsnc.api.interceptor.InAuthentication" />
 		</jaxrs:inInterceptors>

        <jaxrs:serviceBeans>
        	<bean class="com.wordnik.swagger.jaxrs.listing.ApiListingResourceJSON" />

        	<ref bean="chMobile" />
        	<ref bean="chSystem" />
        	<ref bean="chSportsCenter" />
        	<ref bean="chLecture" />
        	<ref bean="chBoard" />
        	<ref bean="chMyInfo" />
        	<ref bean="chUser" />
        </jaxrs:serviceBeans>
        <jaxrs:providers>
            <bean class="com.ljsnc.api.exception.JaxRsExceptionMapper" />
			<bean class="com.fasterxml.jackson.jaxrs.json.JacksonJaxbJsonProvider" />
            <bean class="com.fasterxml.jackson.jaxrs.base.JsonMappingExceptionMapper" />
            <bean class="com.fasterxml.jackson.jaxrs.base.JsonParseExceptionMapper" />
            <bean class="com.wordnik.swagger.jaxrs.listing.ResourceListingProvider" />
            <bean class="com.wordnik.swagger.jaxrs.listing.ApiDeclarationProvider" />
        </jaxrs:providers>
        <jaxrs:extensionMappings>
            <entry key="json" value="application/json" />
            <entry key="xml" value="application/xml" />
        </jaxrs:extensionMappings>
    </jaxrs:server>


	 <!-- SWAGGER -->
    <bean id="swaggerConfig" class="com.wordnik.swagger.jaxrs.config.BeanConfig">
        <property name="resourcePackage" value="com.ljsnc.api.channels"/>
        <property name="version" value="1.0.0"/>
        <!-- local -->
        <property name="basePath" value="http://localhost:9090/api"/>
        <!-- dev -->
        <!--<property name="basePath" value="http://211.249.62.91:28080/api"/> -->

        <property name="title" value="API"/>
        <property name="description" value="This is API Test Page."/>
        <!--
        <property name="license" value="Apache 2.0 License"/>
        <property name="licenseUrl" value="http://www.apache.org/licenses/LICENSE-2.0.html"/>
         -->
        <property name="scan" value="true"/>
    </bean>


</beans>
