<?xml version="1.0" encoding="UTF-8"?>
<beans xmlns="http://www.springframework.org/schema/beans"
    xmlns:xsi="http://www.w3.org/2001/XMLSchema-instance"
    xsi:schemaLocation="
        http://www.springframework.org/schema/beans http://www.springframework.org/schema/beans/spring-beans.xsd
        http://mybatis.org/schema/mybatis-spring http://mybatis.org/schema/mybatis-spring.xsd">
		
	<bean id="hikariConfig" class="com.zaxxer.hikari.HikariConfig">
	    <property name="poolName" 				value="${hikari.mysql.master.poolname}" />
	    <property name="connectionTestQuery"	value="${hikari.mysql.master.testquery}" />
	    <property name="dataSourceClassName" 	value="${hikari.mysql.master.driverclassname}" />
	    <property name="maximumPoolSize" 	 	value="${hikari.mysql.master.maxpoolsize}" />
	    <property name="idleTimeout" 			value="${hikari.mysql.master.idletimeout}" />
	    <property name="dataSourceProperties">
	        <props>
	            <prop key="url">${hikari.mysql.master.url}</prop>
	            <prop key="user">${hikari.mysql.master.username}</prop>
	            <prop key="password">${hikari.mysql.master.password}</prop>
	        </props>
	    </property>
	</bean>
	
	<bean id="dataSource" class="com.zaxxer.hikari.HikariDataSource" destroy-method="close">
	    <constructor-arg ref="hikariConfig" />
	</bean>
	
    <bean id="mysqlSqlSessionFactory" class="org.mybatis.spring.SqlSessionFactoryBean">
		<property name="dataSource" 			ref="dataSource" />
		<property name="configLocation" 		value="classpath:config/mybatis/mybatis.xml" />
		<property name="typeHandlersPackage" 	value="com.ljsnc.api.mybatis.typehandlers" />
    </bean>
 
    <bean id="mysqlTransactionManager" class="org.springframework.jdbc.datasource.DataSourceTransactionManager">
    	<property name="dataSource" ref="dataSource" />
    </bean>

    <bean id="mysqlMapperScanner" class="org.mybatis.spring.mapper.MapperScannerConfigurer">
	    <property name="sqlSessionFactoryBeanName" 	value="mysqlSqlSessionFactory" 				/>
	    <property name="basePackage" 				value="com.ljsnc.api.mybatis.mappers.mysql" />
    </bean>
	
</beans>